"dělat";75480;625.0998199028453;3298;27.31292005881802;0.04369369369369369
"dohodnout";4641;38.43519162916144;3844;31.834707309307596;0.8282697694462401
"domluvit";4046;33.507602958756124;2321;19.221736645396184;0.5736529906080079
"dostavit";2705;22.401894711674572;2642;21.880150028925772;0.9767097966728281
"dotýkat";3828;31.702200723212666;3620;29.97961510397854;0.9456635318704284
"hlásit";5802;48.050200782675;2741;22.70003453038817;0.47242330230954843
"jevit";4706;38.973499635172104;3945;32.671155134031864;0.8382915427114322
"mluvit";48180;399.0104573783663;3941;32.63802848750813;0.08179742631797426
"modlit";3055;25.300476282501226;2926;24.23214193211083;0.9577741407528642
"mýlit";2646;21.913276675449506;2566;21.250743744974844;0.9697656840513983
"nabízet";23951;198.35407772248342;2984;24.712478306704963;0.12458769988726984
"nadechnout";3449;28.563450965088947;3268;27.06447020989002;0.947521020585677
"naklonit";4129;34.19498087412359;2957;24.488873442669764;0.7161540324533785
"napít";2867;23.743523895885765;2470;20.455704228405246;0.8615277293337984
"nazývat";6973;57.74802655249789;2577;21.34184202291511;0.3695683350064535
"obejít";5096;42.20334767123609;3102;25.68971437915509;0.608712715855573
"obracet";3360;27.82638307993588;2299;19.039540089515654;0.6842261904761905
"odehrát";5652;46.807951538035;3229;26.74148540628362;0.5713021939136589
"odmlčet";2730;22.608936252447904;2724;22.559246282662304;0.9978021978021978
"odrážet";4192;34.71672555687238;2120;17.557122657578592;0.5057251908396947
"odvážit";2673;22.136881539484705;2225;18.42669712882659;0.8323980546202768
"ohlédnout";2379;19.702073019990316;2308;19.114075044194053;0.9701555275325767
"omlouvat";3582;29.664911962003075;3031;25.101716403358825;0.846175321049693
"opakovat";10222;84.65514519140018;2930;24.265268578634565;0.28663666601447857
"opírat";3350;27.74356646362655;3053;25.28391295923936;0.9113432835820896
"opřít";4990;41.325491538357156;3782;31.321244288189735;0.7579158316633267
"ozývat";2681;22.20313483253217;2583;21.39153199270071;0.9634464751958225
"počítat";15023;124.41540268151094;2479;20.530239183083648;0.16501364574319377
"pohnout";4555;37.72296872890117;2985;24.720759968335894;0.6553238199780461
"potkat";9553;79.1147135603058;2419;20.03333948522765;0.2532188841201717
"považovat";24699;204.54876062242153;2228;18.451542113719388;0.09020608121786307
"prodávat";9154;75.8103305695634;2691;22.285951448841505;0.29396984924623115
"proměnit";6722;55.66932948313363;3588;29.714601931788675;0.5337697113954181
"představit";23959;198.42033101553088;3671;30.401979847156138;0.15322008431069745
"přestěhovat";3008;24.91123818584736;2397;19.851142929347116;0.796875
"přesunout";4028;33.35853304939933;2348;19.445341509431383;0.5829195630585898
"přesvědčit";11740;97.22670754715692;2323;19.23829996865805;0.19787052810902897
"přiblížit";6177;51.15582389427498;3750;31.056231115999868;0.6070908207867897
"přidat";15018;124.37399437335627;3606;29.86367184114547;0.2401118657610867
"přihlásit";4415;36.56353610057051;3636;30.112121690073472;0.8235560588901473
"připojit";6453;53.44156250441257;3185;26.377092294522555;0.4935688826902216
"připravit";23314;193.0786592635789;2474;20.48883087492898;0.10611649652569272
"připravovat";9464;78.37764567515273;3487;28.87815410706441;0.3684488588334742
"přiznat";10699;88.60549778935535;2597;21.507475255533777;0.24273296569772876
"psát";26224;217.17829460959481;3193;26.443345587570022;0.12175869432580842
"radovat";2853;23.6275806330527;2739;22.683471207126303;0.9600420609884333
"rozběhnout";2812;23.288032506184436;2641;21.87186836729484;0.9391891891891891
"rozesmát";2953;24.45574679614603;2225;18.42669712882659;0.7534710463934982
"rozhlédnout";3422;28.339846101053745;3343;27.685594832210015;0.9769140853302163
"rozloučit";3202;26.51788054224842;3031;25.101716403358825;0.9465958775765146
"rozšířit";7094;58.75010760984082;2467;20.430859243512447;0.3477586692979983
"řídit";11158;92.40678047795375;3182;26.352247309629753;0.28517655493816096
"shodnout";2581;21.374968669438843;2540;21.035420542570577;0.9841146842309183
"skládat";4816;39.88448241457476;2847;23.577890663267098;0.5911544850498339
"skrývat";6097;50.49329096380032;3149;26.078952475808954;0.5164835164835165
"snížit";8247;68.29886347030691;2262;18.73311860917112;0.27428155692979267
"spojit";9543;79.03189694399646;2396;19.84286126771618;0.2510740857172797
"stydět";3555;29.441307097967876;3347;27.718721478733748;0.9414908579465542
"svěřit";5000;41.40830815466649;2596;21.49919359390284;0.5192
"šířit";4043;33.48275797386332;2595;21.49091193227191;0.6418501113034875
"táhnout";7479;61.93854733775014;2396;19.84286126771618;0.3203636849846236
"točit";5237;43.37106196119768;2713;22.46814800472204;0.5180446820698873
"třást";3504;29.018942354790276;3007;24.902956524216428;0.858162100456621
"ujmout";2892;23.950565436659097;2819;23.346004137600968;0.9747579529737206
"ukazovat";15511;128.4568535574064;2442;20.223817702739115;0.1574366578557153
"uklidnit";4264;35.313005194299585;2170;17.971205739125256;0.5089118198874296
"usadit";4517;37.40826558692571;3636;30.112121690073472;0.8049590436130175
"vědět";151747;1256.7173075092353;2151;17.813854168137524;0.014174909553401385
"vejít";9705;80.37352612820766;3224;26.700077098128954;0.33219989696032975
"vidět";99270;822.1205501027486;2459;20.36460595046498;0.024770827037372822
"vrhnout";5867;48.58850878868566;3991;33.052111569054794;0.680245440599966
"vyhýbat";3884;32.16597377454493;3629;30.05415005865694;0.934346035015448
"vyjádřit";7974;66.03796984506212;2709;22.435021358198306;0.3397291196388262
"vynořit";2780;23.02301933399457;2714;22.47642966635297;0.9762589928057553
"vyplatit";4792;39.68572253543236;3464;28.687675889552946;0.7228714524207012
"vyrábět";7978;66.07109649158585;2622;21.71451679630711;0.32865379794434696
"vyrovnat";5072;42.00458779209369;2953;24.45574679614603;0.5822160883280757
"vyvíjet";4459;36.92792921233158;2893;23.958847098290033;0.6488001794124243
"vyznačovat";2644;21.89671335218764;2376;19.677228035097517;0.8986384266263238
"vzdát";6200;51.34630211178645;3936;32.59662017935346;0.6348387096774194
"vzít";44928;372.07849375457124;2275;18.840780210373254;0.05063657407407408
"vznášet";2567;21.259025406605776;2313;19.155483352348718;0.901051811453058
"vztahovat";2745;22.733161176911903;2408;19.94224120728738;0.8772313296903461
"zadívat";4035;33.416504680815855;4003;33.151491508625995;0.9920693928128872
"zachovat";7609;63.01516334977146;2496;20.671027430809513;0.328032592981995
"zaměřit";6239;51.669286915392846;3834;31.751890692998266;0.6145215579419779
"zaměřovat";2686;22.24454314068684;2474;20.48883087492898;0.921072226358898
"zamilovat";3078;25.49095450001269;2254;18.666865316123655;0.7322936972059779
"zapojit";4994;41.35861818488089;2793;23.1306809351967;0.5592711253504205
"zarazit";4309;35.685679967691584;2353;19.486749817586052;0.546066372708285
"zlobit";3822;31.652510753427066;2913;24.124480330908696;0.7621664050235479
"zmínit";6897;57.118620268546955;3332;27.59449655426975;0.4831085979411338
"zmocnit";2526;20.91947727973751;2346;19.428778186169517;0.9287410926365796
"znát";41323;342.22310357505665;2669;22.10375489296097;0.06458872782711807
"ztratit";15636;129.49206126127305;3259;26.98993525521162;0.208429265796879
"zvedat";4542;37.61530712769904;2130;17.639939273887926;0.46895640686922063
"zvýšit";9406;77.8973093005586;3032;25.10999806498976;0.32234743780565595
"zvyšovat";6756;55.95090597858536;2368;19.61097474205005;0.35050325636471286
"živit";3846;31.851270632569463;2393;19.818016282823383;0.6222048881955278
"bát";19260;159.50480301177532;17591;145.68270974974766;0.913343717549325
"bavit";14077;116.58095077864803;6927;57.36707011747496;0.49207927825531006
"blížit";6804;56.34842573687016;6697;55.4622879423603;0.9842739564961788
"bránit";11022;91.28047449614681;4675;38.71676812461317;0.4241516966067864
"cítit";39322;325.65149865155917;14480;119.91846041591415;0.3682416967600834
"dařit";9101;75.37140250312395;8874;73.4914653129021;0.9750576859685749
"dát";112636;932.8132394618029;40766;337.6102180466268;0.361926915018289
"dít";14291;118.35322636766776;13677;113.26828612627472;0.9570358967182142
"dívat";25804;213.6999967246028;25024;207.24030065247484;0.9697721283521935
"divit";5034;41.68988465011822;4907;40.63811362298969;0.9747715534366309
"dočkat";6683;55.346344679527235;6516;53.96330718716137;0.975011222504863
"domnívat";7579;62.766713500843466;7540;62.44372869723707;0.9948542024013722
"dostat";82781;685.5642314702893;35414;293.28676499787184;0.42780348147521774
"dostávat";12059;99.86855760742465;4932;40.845155163763025;0.40898913674434034
"dotknout";7812;64.69634066085092;6899;57.135183591808826;0.8831285202252944
"dozvědět";11663;96.58901960157506;11328;93.8146629552124;0.9712766869587585
"držet";26017;215.46399065199162;7090;58.716980963317084;0.27251412537955955
"hodit";14942;123.74458808940534;8341;69.07733966361464;0.5582251371971624
"hrát";49537;410.2486722115428;4054;33.57385625180359;0.08183781819649959
"chovat";13912;115.21447660954405;11147;92.31568220001347;0.8012507188039103
"chtít";189887;1572.579882113031;5385;44.59674788257581;0.028358971388246695
"chystat";12166;100.7546954019345;8239;68.23261017725945;0.6772151898734177
"jednat";26822;222.13072826489292;19198;158.99133999065745;0.7157557229140258
"jmenovat";14099;116.76314733452857;10041;83.15616443620125;0.7121781686644443
"konat";10395;86.08787265355163;8858;73.35895872680716;0.8521404521404521
"líbit";18295;151.51299953792469;17338;143.58744935712153;0.9476906258540585
"lišit";7498;62.09589890873787;7336;60.75426972452667;0.9783942384635903
"měnit";16219;134.32026999210717;8597;71.19744504113356;0.5300573401566064
"mít";734066;6079.286226772682;11149;92.33224552327535;0.015188007617843627
"moci";411376;3406.8768350868163;4376;36.240551296964114;0.010637470343432771
"muset";200381;1659.4876392680453;8188;67.81024543408185;0.04086215758979145
"nacházet";16115;133.4589771824901;12297;101.83959307558676;0.7630778777536457
"najít";61257;507.309746526081;4780;39.58634259586117;0.07803189839528543
"narodit";9620;79.66958488957833;8880;73.54115528268768;0.9230769230769231
"naučit";13345;110.51877446480486;8801;72.88690401384396;0.6594979393031097
"nechat";54787;453.7273957739426;5305;43.934214952101144;0.096829539854345
"obávat";5221;43.23855537510275;5113;42.34413591896195;0.9793143076039073
"objevit";32222;266.8517010719327;22761;188.4989003816728;0.7063807336602321
"objevovat";10061;83.32179766881991;8498;70.37756053967117;0.8446476493390319
"obrátit";12159;100.69672377051798;9041;74.87450280526795;0.743564437864956
"ocitnout";6374;52.78731123556884;6280;52.00883504226111;0.9852525886413555
"odehrávat";4121;34.12872758107612;4035;33.416504680815855;0.9791312788158214
"otevřít";28531;236.28408799215794;4920;40.745775224191824;0.17244400827170447
"otočit";15355;127.1649143429808;11349;93.988577849462;0.7391077824812765
"ozvat";10935;90.55996993425562;10797;89.41710062918682;0.9873799725651577
"podařit";24603;203.75372110585192;24429;202.31271198206954;0.9929276917449091
"podílet";7370;61.03584621997841;7316;60.58863649190801;0.9926729986431478
"podívat";34361;284.5661753004991;31607;261.75847916890876;0.9198509938593172
"podobat";4353;36.050073079452645;4195;34.741570541765185;0.9637031932000919
"pohybovat";13022;107.84379775801341;12122;100.39030229017344;0.9308861925971433
"pokoušet";9222;76.37348356046688;8104;67.11458585708345;0.8787681630882672
"pokusit";12334;102.1460145559313;11447;94.80018068929347;0.9280849683800876
"posadit";9291;76.94491821300127;7814;64.71290398411278;0.8410289527499731
"postarat";5953;49.30073168894592;5393;44.66300117562328;0.9059297833025365
"postavit";21196;175.5380999292622;7334;60.73770640126481;0.3460086808831855
"používat";25136;208.16784675513938;6951;57.56582999661735;0.276535646085296
"povést";6568;54.393953591969904;5931;49.11853513306539;0.9030146163215591
"probudit";6689;55.39603464931283;4130;34.20326253575452;0.6174316041261773
"projevit";6939;57.46645005704615;4572;37.86375697662704;0.6588845654993515
"projevovat";6176;51.14754223264405;4594;38.045953532507575;0.7438471502590673
"ptát";18191;150.65170672830763;17780;147.24794379799405;0.9774064097630697
"pustit";15933;131.95171476566023;6130;50.76658579762112;0.38473608234481893
"rozhodnout";33403;276.63234345806495;22170;183.60443835779122;0.6637128401640571
"říkat";99346;822.7499563866994;8796;72.84549570568929;0.08853904535663237
"sejít";8642;71.57011981452557;6193;51.288330480369915;0.7166165239527887
"setkat";11068;91.66143093116975;10864;89.97197195845935;0.9815684857246115
"setkávat";4264;35.313005194299585;4221;34.95689374416945;0.9899155722326454
"seznámit";6266;51.89289177942805;4465;36.977619182117174;0.7125758059368018
"smát";10891;90.19557682249454;10389;86.03818268376604;0.9539068956018731
"snažit";45894;380.07857889005277;43586;360.96450384585876;0.9497102017692944
"soustředit";7061;58.47681277602002;5821;48.20755235366273;0.8243874805268375
"starat";8605;71.26369833418103;8401;69.57423936147063;0.9762928529924463
"stát";182776;1513.6889862554644;73226;606.4329545867217;0.400632468157745
"stávat";12289;101.7733397825393;11131;92.18317561391854;0.9057693872568964
"těšit";12774;105.78994567354195;9973;82.59301144529778;0.7807264756536715
"tvářit";4338;35.92584815498865;4146;34.33576912184945;0.9557399723374828
"týkat";13853;114.72585857331897;13779;114.11301561262991;0.9946581967804807
"účastnit";4263;35.30472353266865;4189;34.69188057197959;0.9826413323950269
"učit";11331;93.83950794010521;6245;51.71897688517845;0.5511428823581326
"ukázat";32018;265.16224209922234;9600;79.50395165695966;0.2998313448685115
"uskutečnit";6640;54.9902332293971;4577;37.9051652847817;0.6893072289156627
"usmát";12232;101.3012850695761;12013;99.48760117240171;0.9820961412688032
"usmívat";6469;53.57406909050751;6248;51.743821870071244;0.9658370690987788
"věnovat";21238;175.8859297177614;11139;92.249428906966;0.5244844147283172
"vracet";14208;117.6658484523003;12250;101.4503549789329;0.8621903153153153
"vrátit";46132;382.0496143582149;38104;315.56443478508237;0.8259776294112546
"vydat";21220;175.73685980840457;10880;90.10447854455428;0.5127238454288408
"vyhnout";6318;52.323538184236575;5789;47.94253918147286;0.9162709718265274
"vyskytovat";7184;59.495457156624816;7090;58.716980963317084;0.9869153674832962
"zabývat";10882;90.12104186781615;10784;89.30943902798468;0.9909943025179195
"začít";98617;816.712625057749;7196;59.59483709619602;0.07296916353164262
"zajímat";16137;133.64117373837064;4995;41.36689984651182;0.30953708867819296
"zasmát";6126;50.733459151097385;5992;49.62371649255232;0.9781260202415932
"zastavit";20708;171.49664905336672;10384;85.99677437561137;0.5014487154722812
"zbavit";8287;68.63012993554425;5442;45.06880259553901;0.6566912030891758
"zdát";29975;248.2428073872256;29603;245.16202926051844;0.9875896580483736
"zeptat";35240;291.84575587408943;34404;284.9222867506292;0.9762769580022701
"změnit";26276;217.60894101440334;12202;101.0528352206481;0.4643781397472979
"zúčastnit";5480;45.383505737514476;5399;44.712691145408876;0.9852189781021898
"zvednout";17969;148.81317784624042;4882;40.43107208221636;0.27169013300684514
"brát";23660;195.94411418788184;1380;11.42869305068795;0.058326289095519866
"být";4044082;33491.71873174799;1540;12.753758911637279;0.0003808033566084961
"čekat";48386;400.7164796743386;1517;12.563280694125813;0.03135204397966354
"dělit";4357;36.08319972597638;2062;17.07678628298446;0.4732614184071609
"dokázat";58783;486.82091565115206;1421;11.768241177556217;0.024173655648741982
"dopustit";3338;27.64418652405535;2024;16.762083141008997;0.6063511084481725
"dovědět";1444;11.958719395067682;1371;11.354158096009552;0.9494459833795014
"hádat";3292;27.26323008903242;1917;15.875945346499133;0.5823207776427703
"hnát";3120;25.83878428851189;1426;11.809649485710883;0.45705128205128204
"hýbat";2704;22.393613050043637;1860;15.403890633535935;0.6878698224852071
"chlubit";1584;13.118152023398345;1527;12.646097310435147;0.9640151515151515
"chvět";2014;16.679266524699663;1920;15.900790331391933;0.9533267130089375
"chytit";7144;59.16419069138748;1501;12.43077410803088;0.21010638297872342
"jít";160655;1330.490349317589;1929;15.975325286070332;0.012007095950950794
"lesknout";1580;13.085025376874611;1551;12.844857189577546;0.9816455696202532
"natáhnout";5978;49.507773229719255;2070;17.143039576031928;0.34626965540314486
"nést";12988;107.56222126256168;1527;12.646097310435147;0.1175700646750847
"očekávat";12181;100.8789203263985;1683;13.93803652486074;0.13816599622362696
"odrazit";1929;15.975325286070332;1380;11.42869305068795;0.7153965785381027
"odstěhovat";1640;13.58192507473061;1486;12.306549183566881;0.9060975609756098
"odvíjet";1489;12.331394168459681;1390;11.511509666997284;0.9335124244459369
"omluvit";2708;22.42673969656737;2063;17.085067944615393;0.7618168389955687
"orientovat";2192;18.15340229500579;1407;11.652297914723151;0.6418795620437956
"otáčet";3160;26.170050753749223;1967;16.290028428045797;0.6224683544303797
"otevírat";4385;36.31508625164251;1655;13.706149999194608;0.3774230330672748
"označovat";6372;52.77074791230697;1460;12.091225981162616;0.22912743251726303
"oženit";2235;18.509513745135923;2050;16.97740634341326;0.9172259507829977
"plést";2639;21.855305044032974;1469;12.165760935841014;0.5566502463054187
"pochlubit";1640;13.58192507473061;1570;13.002208760565278;0.9573170731707317
"ponořit";2360;19.544721449002584;1393;11.536354651890084;0.5902542372881356
"posunout";4177;34.59250063240839;1789;14.81589265773967;0.4282978214029208
"potýkat";1900;15.735157098773266;1863;15.428735618428734;0.9805263157894737
"poznat";19220;159.173536546538;1412;11.693706222877816;0.07346514047866805
"pracovat";36219;299.9535026107731;1348;11.163679878498085;0.037218034733151106
"procházet";8706;72.10014615890529;1698;14.06226144932474;0.19503790489317713
"propadnout";3379;27.983734650923616;1391;11.519791328628218;0.41166025451316957
"prosadit";4730;39.1722595143145;2116;17.52399601105486;0.44735729386892176
"protáhnout";2719;22.51783797450764;1531;12.679223956958879;0.5630746598013976
"provádět";9214;76.30723026741941;1899;15.726875437142333;0.20609941393531583
"předpokládat";11947;98.94101150476011;1692;14.01257147953914;0.1416255126810078
"přibližovat";2396;19.84286126771618;1346;11.14711655523622;0.5617696160267112
"přihodit";2154;17.838699153030323;1788;14.807610996108737;0.83008356545961
"přizpůsobit";3336;27.627623200793483;1537;12.728913926744479;0.46073141486810554
"rodit";2683;22.21969815579404;1776;14.708231056537537;0.6619455833022736
"rozejít";1913;15.8428186999754;1847;15.296229032333802;0.9654992158912703
"rozhlížet";2171;17.97948740075619;2115;17.515714349423927;0.9742054352832796
"rozhodovat";6598;54.6424034408979;1776;14.708231056537537;0.2691724765080327
"rozjet";3117;25.81393930361909;2056;17.02709631319886;0.6596085980109079
"rozpadnout";1584;13.118152023398345;1522;12.60468900228048;0.9608585858585859
"rozplakat";1533;12.695787280220745;1351;11.188524863390885;0.8812785388127854
"rozvíjet";4301;35.61942667464412;1611;13.341756887433544;0.37456405487096023
"řešit";16016;132.6390926810277;1365;11.304468126223952;0.08522727272727272
"řítit";1464;12.12435262768635;1426;11.809649485710883;0.9740437158469946
"shodovat";1953;16.17408516521273;1934;16.016733594225;0.9902713773681515
"scházet";4291;35.53661005833478;2079;17.217574530710326;0.48450244698205547
"schovat";3988;33.02726658416199;1478;12.240295890519414;0.37061183550651955
"sklonit";2944;24.38121184146763;1747;14.468062869240471;0.5934103260869565
"smět";18462;152.89603703029056;2058;17.043659636460728;0.11147221319467013
"smířit";2387;19.768326313037782;2097;17.366644440067127;0.8785085881860075
"snižovat";4868;40.3151288193833;1372;11.362439757640486;0.2818405916187346
"spokojit";1959;16.22377513499833;1695;14.03741646443194;0.8652373660030628
"spolehnout";1462;12.107789304424482;1358;11.246496494807419;0.9288645690834473
"stáhnout";7100;58.799797579626414;1870;15.486707249845267;0.2633802816901408
"stavět";6364;52.704494619259506;1789;14.81589265773967;0.2811125078566939
"stavit";4317;35.75193326073905;1954;16.182366826843666;0.45262914060690296
"stěhovat";1794;14.857300965894337;1492;12.356239153352481;0.8316610925306578
"střídat";3224;26.700077098128954;1706;14.128514742372207;0.5291563275434243
"trápit";5762;47.718934317437665;1613;13.35832021069541;0.2799375216938563
"trefit";3499;28.97753404663561;1501;12.43077410803088;0.4289797084881395
"udělat";60014;497.01564111883096;2018;16.712393171223397;0.033625487386276534
"udržet";9717;80.47290606777885;1933;16.008451932594067;0.1989297108160955
"ujistit";3795;31.428905889391867;1386;11.47838302047355;0.3652173913043478
"ulevit";2571;21.29215205312951;1560;12.919392144255944;0.6067677946324388
"uplatňovat";2781;23.031300995625504;1552;12.85313885120848;0.5580726357425386
"ušklíbnout";1582;13.101588700136478;1571;13.010490422196211;0.993046776232617
"uvidět";17862;147.92704005173056;1420;11.759959515925283;0.07949837644160788
"uvolnit";5157;42.70852903072302;2049;16.96912468178233;0.3973240255962769
"válet";1770;14.658541086751939;1348;11.163679878498085;0.7615819209039548
"valit";1661;13.755839968980208;1359;11.254778156438352;0.8181818181818182
"vést";43036;356.4095899488454;1969;16.306591751307664;0.045752393345106425
"vydávat";6626;54.874289966564035;1922;15.917353654653798;0.2900694234832478
"vyjadřovat";5474;45.33381576772887;1999;16.55504160023566;0.3651808549506759
"vypořádat";1750;14.492907854133271;1557;12.894547159363146;0.8897142857142857
"vypravit";2779;23.014737672363637;1823;15.097469153191403;0.6559913637999281
"vyptávat";1957;16.207211811736464;1861;15.412172295166869;0.9509453244762391
"vytratit";1608;13.316911902540744;1558;12.90282882099408;0.9689054726368159
"vytvořit";20762;171.94385878143714;1823;15.097469153191403;0.08780464309796744
"využívat";15875;131.4713783910661;2077;17.20101120744846;0.13083464566929134
"vyvinout";4379;36.265396281856916;1657;13.722713322456475;0.37839689426809775
"vyznat";2016;16.69582984796153;1823;15.097469153191403;0.904265873015873
"vzpamatovat";1975;16.356281721093264;1846;15.287947370702868;0.9346835443037975
"zahledět";1468;12.15747927421008;1424;11.793086162449017;0.9700272479564033
"zamračit";1936;16.033296917486865;1889;15.644058820833001;0.9757231404958677
"zbláznit";1898;15.7185937755114;1526;12.637815648804214;0.804004214963119
"zdržet";1921;15.909071993022867;1405;11.635734591461285;0.7313899010931806
"zhroutit";2052;16.993969666675127;1986;16.44737999903353;0.9678362573099415
"zlepšit";4614;38.211586765126235;2035;16.853181418949262;0.441048981361075
"zmiňovat";2892;23.950565436659097;1368;11.329313111116752;0.4730290456431535
"zrodit";1977;16.37284504435513;1716;14.211331358681539;0.8679817905918058
"ztrácet";7363;60.977874588561875;1606;13.300348579278877;0.2181176151025397
"dávat";29075;240.78931191938565;1217;10.078782204845824;0.04185726569217541
"dočíst";1709;14.153359727265007;1208;10.004247250167424;0.7068461088355764
"dohadovat";1081;8.952476223038895;991;8.207126676254898;0.9167437557816837
"dochovat";1126;9.325150996430894;1001;8.289943292564232;0.88898756660746
"doporučovat";6650;55.073049845706436;1302;10.782723443475154;0.1957894736842105
"dožít";1406;11.644016253092218;1184;9.805487371025025;0.8421052631578947
"hledat";25935;214.7848943982551;1112;9.209207733597827;0.04287642182379024
"hnout";2184;18.087149001958323;1215;10.062218881583957;0.5563186813186813
"honit";2169;17.962924077494325;1190;9.855177340810625;0.5486399262332873
"hovořit";10724;88.81253933012869;1304;10.799286766737021;0.12159641924654979
"hrnout";1236;10.236133775833556;1119;9.26717936501436;0.9053398058252428
"chopit";1326;10.981483322617553;1257;10.410048670083155;0.9479638009049773
"inspirovat";3629;30.05415005865694;1184;9.805487371025025;0.3262606778726922
"jet";26053;215.76213047070522;1044;8.646054742694362;0.04007216059570875
"koukat";5903;48.88664860739926;1124;9.308587673169027;0.19041165509063188
"léčit";3116;25.80565764198816;947;7.842733564493833;0.30391527599486523
"loučit";1351;11.188524863390885;1323;10.956638337724753;0.9792746113989638
"milovat";16776;138.933155520537;1234;10.21957045257169;0.07355746304244158
"mísit";1154;9.557037522097026;989;8.190563352993031;0.8570190641247833
"najíst";1532;12.687505618589812;1143;9.46593924415676;0.7460835509138382
"naplnit";5143;42.59258576788995;1033;8.554956464754097;0.20085553179078358
"naskytnout";1104;9.142954440550362;1095;9.068419485871962;0.9918478260869565
"nastěhovat";1213;10.04565555832209;1047;8.670899727587162;0.8631492168178071
"nudit";1789;14.81589265773967;1108;9.176081087074094;0.6193404136389045
"oblékat";1891;15.660622144094868;964;7.983521812219699;0.5097831835007932
"odlišovat";1739;14.401809576193006;1056;8.745434682265563;0.6072455434157562
"odvrátit";2768;22.92363939442337;1157;9.581882506989826;0.4179913294797688
"osvědčit";1414;11.710269546139683;1254;10.385203685190357;0.8868458274398868
"otázat";1115;9.234052718490627;1108;9.176081087074094;0.9937219730941704
"pamatovat";12979;107.48768630788328;1169;9.681262446561025;0.09006857230911472
"platit";28533;236.3006513154198;1111;9.200926071966894;0.03893737076367715
"podávat";6692;55.42087963420563;953;7.892423534279433;0.1424088463837418
"podělit";1440;11.925592748543949;1333;11.039454954034086;0.9256944444444445
"podepsat";6441;53.34218256484137;1124;9.308587673169027;0.1745070641204782
"podivit";1283;10.625371872487422;1275;10.559118579439955;0.9937646141855028
"potit";1051;8.704026374110896;953;7.892423534279433;0.9067554709800191
"potvrdit";11464;94.94096893701933;1191;9.863459002441559;0.10389043963712491
"pousmát";1047;8.670899727587162;1030;8.530111479861297;0.9837631327602674
"pouštět";3674;30.426824832048936;1318;10.915230029570086;0.3587370713119216
"prát";2028;16.795209787532727;1060;8.778561328789296;0.5226824457593688
"probouzet";1775;14.699949394906604;1008;8.347914923980765;0.5678873239436619
"probrat";3190;26.41850060267722;1345;11.138834893605287;0.4216300940438871
"prodat";8238;68.22432851562851;1128;9.34171431969276;0.1369264384559359
"projít";14487;119.97643204733069;979;8.1077467366837;0.06757782839787396
"promítat";1778;14.724794379799404;1034;8.56323812638503;0.5815523059617548
"provdat";1207;9.99596558853649;973;8.0580567668981;0.8061309030654515
"přestat";16867;139.68678672895194;1082;8.960757884669828;0.06414892986304618
"přidávat";3621;29.987896765609474;1211;10.029092235060224;0.33443800055233364
"rovnat";1469;12.165760935841014;1069;8.853096283467696;0.7277059223961879
"rozdělit";6756;55.95090597858536;988;8.182281691362098;0.14624037892243932
"rozkládat";1667;13.805529938765808;1230;10.186443806047956;0.7378524295140971
"rozpadat";1114;9.225771056859694;1032;8.546674803123164;0.926391382405745
"rozplynout";1020;8.447294863551964;958;7.9338318424341;0.9392156862745098
"rozsvítit";2327;19.271426615181785;940;7.7847619330773;0.4039535883111302
"rozšiřovat";2864;23.718678910992967;1043;8.63777308106343;0.3641759776536313
"rozvést";1454;12.041536011377016;1020;8.447294863551964;0.7015130674002751
"rozzářit";1296;10.733033473689554;1018;8.430731540290097;0.7854938271604939
"rýsovat";1243;10.29410540725009;1099;9.101546132395695;0.8841512469831054
"řadit";2954;24.464028457776962;1283;10.625371872487422;0.43432633716993907
"říci";180576;1495.4693306674112;1222;10.120190513000491;0.006767233740917951
"schovávat";2357;19.519876464109785;1210;10.02081057342929;0.5133644463300806
"sklánět";1265;10.476301963130622;1044;8.646054742694362;0.825296442687747
"specializovat";1135;9.399685951109293;1081;8.952476223038895;0.9524229074889868
"spoléhat";2832;23.4536657388031;946;7.8344519028629;0.3340395480225989
"spustit";7053;58.41055948297255;942;7.801325256339167;0.13356018715440238
"střetnout";1123;9.300306011538094;1111;9.200926071966894;0.9893143365983972
"stýkat";1233;10.211288790940756;1176;9.739234077977558;0.9537712895377128
"stýskat";1378;11.412129727426084;1238;10.252697099095423;0.8984034833091437
"svézt";1345;11.138834893605287;1014;8.397604893766363;0.753903345724907
"tvořit";21495;178.01431675691126;1298;10.74959679695142;0.060386136310769944
"tyčit";1038;8.596364772908764;1030;8.530111479861297;0.9922928709055877
"ubránit";1447;11.983564379960482;1100;9.109827794026629;0.7601935038009675
"ucházet";1099;9.101546132395695;1062;8.795124652051163;0.9663330300272975
"uchýlit";973;8.0580567668981;941;7.793043594708234;0.9671120246659815
"ukrývat";1822;15.08918749156047;1018;8.430731540290097;0.5587266739846323
"uplatnit";3065;25.38329289881056;1283;10.625371872487422;0.4185970636215334
"utkat";1407;11.652297914723151;1263;10.459738639868755;0.8976545842217484
"uvádět";10952;90.70075818198148;1343;11.12227157034342;0.12262600438276114
"užívat";8893;73.64881688388982;1063;8.803406313682096;0.11953221634993816
"vdát";1127;9.333432658061827;1012;8.381041570504498;0.8979591836734694
"vsadit";3273;27.105878518044683;1210;10.02081057342929;0.3696914146043385
"vybavit";7129;59.03996576692348;1039;8.604646434539697;0.1457427409173797
"vyskytnout";1155;9.56531918372796;1138;9.424530936002093;0.9852813852813853
"vyspat";1536;12.720632265113546;1313;10.873821721415421;0.8548177083333334
"vyšplhat";1722;14.26102132846714;1147;9.499065890680493;0.6660859465737514
"vytvářet";12299;101.85615639884864;1159;9.598445830251693;0.09423530368322627
"vzdálit";1822;15.08918749156047;956;7.917268519172233;0.5246981339187706
"vzdalovat";1290;10.683343503903954;1108;9.176081087074094;0.8589147286821706
"vzdávat";1703;14.103669757479407;1063;8.803406313682096;0.624192601291838
"začínat";24735;204.84690044113512;1188;9.838614017548759;0.04802910855063675
"zachvět";1313;10.873821721415421;1285;10.641935195749289;0.9786747905559787
"zamlouvat";1060;8.778561328789296;1013;8.389323232135432;0.9556603773584905
"zapsat";4211;34.87407712786012;1229;10.178162144417023;0.2918546663500356
"zařadit";5549;45.95494039004887;1063;8.803406313682096;0.19156604793656515
"zatvářit";1343;11.12227157034342;1322;10.94835667609382;0.9843633655994043
"zavřít";11604;96.10040156535;1331;11.02289163077222;0.114701826956222
"zdržovat";1813;15.01465253688207;1140;9.44109425926396;0.628792057363486
"zlepšovat";2277;18.85734353363512;964;7.983521812219699;0.4233640755379886
"zranit";2952;24.447465134515095;1029;8.521829818230364;0.3485772357723577
"zřítit";1182;9.788924047763158;1147;9.499065890680493;0.9703891708967851
"angažovat";1371;11.354158096009552;926;7.668818670244234;0.675419401896426
"děsit";2415;20.000212838703916;725;6.004204682426641;0.3002070393374741
"dozvídat";818;6.774399214103438;812;6.724709244317838;0.9926650366748166
"dožadovat";842;6.973159093245837;817;6.766117552472505;0.9703087885985748
"drát";3810;31.553130813855866;886;7.337552205006902;0.2325459317585302
"hemžit";828;6.857215830412771;807;6.683300936163172;0.9746376811594203
"houpat";1090;9.027011177717295;835;6.915187461829304;0.7660550458715596
"chodit";30082;249.12894518173547;824;6.824089183889038;0.027391795758260753
"jezdit";14242;117.94742494775203;708;5.863416434700775;0.04971211908439826
"koupat";1193;9.880022325703425;904;7.486622114363701;0.757753562447611
"krčit";1436;11.892466102020217;715;5.921388066117308;0.4979108635097493
"leknout";971;8.041493443636233;925;7.660537008613301;0.952626158599382
"lepit";1277;10.575681902701822;743;6.153274591783441;0.581832419733751
"motat";897;7.428650482947169;811;6.716427582686904;0.9041248606465998
"mračit";747;6.186401238307174;714;5.913106404486375;0.9558232931726908
"nabídnout";13898;115.09853334671098;744;6.161556253414374;0.053532882429126495
"naklánět";1002;8.298224954195165;809;6.699864259425039;0.8073852295409182
"napřímit";893;7.395523836423435;772;6.393442779080506;0.864501679731243
"narovnat";1558;12.90282882099408;921;7.6274103620895675;0.5911424903722722
"obléknout";2475;20.497112536559914;854;7.072539032817037;0.34505050505050505
"obtěžovat";2163;17.913234107708725;722;5.979359697533841;0.3337956541840037
"ocitat";880;7.2878622352213025;875;7.246453927066636;0.9943181818181818
"octnout";832;6.890342476936504;809;6.699864259425039;0.9723557692307693
"odebrat";2294;18.998131781360986;906;7.503185437625568;0.3949433304272014
"odhadovat";3400;28.157649545173214;918;7.602565377196767;0.27
"odhodlat";1172;9.706107431453825;862;7.138792325864503;0.735494880546075
"odvažovat";893;7.395523836423435;750;6.211246223199973;0.8398656215005599
"odvolat";3090;25.59033443958389;784;6.492822718651706;0.2537216828478964
"ohlížet";959;7.942113504065033;912;7.552875407411168;0.9509906152241918
"ohradit";899;7.445213806209035;828;6.857215830412771;0.9210233592880979
"omezit";5574;46.1619819308222;798;6.608765981484772;0.14316469321851452
"omezovat";3273;27.105878518044683;925;7.660537008613301;0.28261533761075464
"otřást";1996;16.530196615342863;911;7.544593745780235;0.4564128256513026
"ovládat";5895;48.82039531435179;871;7.213327280542902;0.1477523324851569
"pěstovat";3090;25.59033443958389;813;6.732990905948771;0.26310679611650484
"plazit";906;7.503185437625568;858;7.1056656793407695;0.9470198675496688
"pohádat";790;6.542512688437306;765;6.335471147663973;0.9683544303797469
"potkávat";1867;15.461862264952467;801;6.633610966377572;0.42903053026245314
"poučit";1819;15.06434250666767;884;7.320988881745036;0.48598130841121495
"prezentovat";3294;27.279793412294286;817;6.766117552472505;0.24802671523983
"probírat";2431;20.132719424798847;770;6.3768794558186395;0.3167420814479638
"prodírat";832;6.890342476936504;775;6.418287763973306;0.9314903846153846
"prokázat";5747;47.59470939297366;719;5.954514712641041;0.12510875239255265
"proměňovat";1307;10.824131751629821;772;6.393442779080506;0.5906656465187452
"prosazovat";2852;23.619298971421767;872;7.221608942173836;0.30575035063113604
"proslavit";1508;12.488745739447413;900;7.453495467839969;0.596816976127321
"přenášet";2721;22.534401297769506;745;6.169837915045307;0.27379639838294745
"přenést";3433;28.430944378994013;823;6.815807522258105;0.23973201281677833
"přesouvat";1178;9.755797401239425;782;6.476259395389839;0.6638370118845501
"přijít";79115;655.2036599312879;831;6.882060815305571;0.010503697149718765
"pyšnit";957;7.9255501808031665;927;7.677100331875168;0.9686520376175548
"realizovat";5286;43.776863381113415;751;6.219527884830907;0.14207340143776012
"rozčilovat";1379;11.420411389057017;730;6.045612990581308;0.5293691080493111
"rozhostit";827;6.848934168781837;824;6.824089183889038;0.9963724304715841
"rozplývat";840;6.95659576998397;805;6.666737612901305;0.9583333333333334
"rozumět";14752;122.17107237952801;852;7.05597570955517;0.05775488069414317
"rozvinout";1700;14.078824772586607;730;6.045612990581308;0.4294117647058823
"shromáždit";1937;16.041578579117797;816;6.757835890841571;0.4212700051626226
"snášet";5804;48.06676410593686;774;6.410006102342373;0.13335630599586493
"snést";3116;25.80565764198816;759;6.285781177878373;0.24358151476251605
"soustřeďovat";971;8.041493443636233;815;6.749554229210638;0.839340885684861
"splnit";6732;55.75214609944296;771;6.385161117449573;0.11452762923351159
"spojovat";5903;48.88664860739926;745;6.169837915045307;0.1262070133830256
"srazit";3085;25.548926131429226;777;6.434851087235173;0.2518638573743922
"stahovat";2065;17.10163126787726;768;6.360316132556773;0.37191283292978206
"svěřovat";1179;9.764079062870358;812;6.724709244317838;0.6887192536047498
"tajit";2138;17.706192566935393;825;6.8323708455199705;0.38587464920486436
"tlačit";4090;33.87199607051719;854;7.072539032817037;0.20880195599022006
"třpytit";773;6.4017244407114395;751;6.219527884830907;0.9715394566623544
"ubírat";1359;11.254778156438352;851;7.047694047924237;0.6261957321559971
"udát";881;7.296143896852236;835;6.915187461829304;0.9477866061293984
"udržovat";6132;50.78314912088298;711;5.888261419593575;0.1159491193737769
"uklonit";872;7.221608942173836;834;6.906905800198371;0.9564220183486238
"umístit";7591;62.866093440414666;877;7.263017250328502;0.11553155052035305
"utopit";1276;10.567400241070889;852;7.05597570955517;0.6677115987460815
"uzavřít";8342;69.08562132524557;833;6.898624138567437;0.09985614960441141
"vařit";5414;44.83691606987288;777;6.434851087235173;0.143516808274843
"vázat";2927;24.240423593741763;903;7.478340452732768;0.30850700375811413
"vídat";2171;17.97948740075619;762;6.3106261627711735;0.35099032703823124
"vložit";5733;47.4787661301406;835;6.915187461829304;0.14564800279085993
"vrhat";2209;18.294190542731656;904;7.486622114363701;0.40923494794024445
"vykašlat";862;7.138792325864503;780;6.459696072127972;0.9048723897911833
"vymykat";748;6.194682899938107;729;6.0373313289503745;0.9745989304812834
"vyrovnávat";1285;10.641935195749289;844;6.989722416507703;0.6568093385214008
"vyvarovat";933;7.726790301660767;839;6.9483141083530375;0.8992497320471597
"vzbudit";4312;35.71052495258438;914;7.569438730673035;0.21196660482374768
"zabít";11571;95.8271067315292;767;6.352034470925839;0.06628640566934578
"zalíbit";841;6.964877431614903;793;6.567357673330106;0.9429250891795482
"zapomenout";18488;153.1113602326948;719;5.954514712641041;0.038890090869753355
"zasloužit";6008;49.75622307864725;787;6.517667703544506;0.13099201065246338
"zastavovat";1790;14.824174319370604;746;6.178119576676241;0.41675977653631285
"zavázat";1535;12.712350603482612;772;6.393442779080506;0.5029315960912052
"zhoršit";1428;11.82621280897275;849;7.03113072466237;0.5945378151260504
"zhoršovat";1371;11.354158096009552;790;6.542512688437306;0.5762217359591539
"zjevit";1046;8.662618065956229;936;7.751635286553567;0.8948374760994264
"zjistit";26639;220.61518418643212;781;6.4679777337589055;0.029317917339239462
"zlomit";3138;25.98785419786869;745;6.169837915045307;0.2374123645634162
"zmoci";1377;11.40384806579515;797;6.600484319853838;0.5787944807552651
"zvětšovat";1253;10.376922023559423;774;6.410006102342373;0.6177174780526736
"žít";40762;337.5770914001031;877;7.263017250328502;0.021515136646876994
"diskutovat";2858;23.668988941207367;578;4.7868004226794465;0.20223932820153953
"domáhat";634;5.250573474011711;612;5.068376918131179;0.9652996845425867
"dopouštět";751;6.219527884830907;705;5.838571449807975;0.9387483355525965
"doslechnout";625;5.176038519333312;613;5.076658579762111;0.9808
"hromadit";850;7.039412386293304;644;5.333390090321044;0.7576470588235295
"hroutit";681;5.639811570665576;627;5.192601842595178;0.920704845814978
"klást";7848;64.99448047956453;593;4.911025347143446;0.07556065239551478
"kouknout";1494;12.372802476614348;640;5.300263443797311;0.428380187416332
"kroutit";2113;17.49915102616206;638;5.283700120535444;0.301940369143398
"líbat";2335;19.33767990822925;597;4.944151993667179;0.2556745182012848
"linout";612;5.068376918131179;589;4.8778987006197125;0.9624183006535948
"měřit";5066;41.95489782230809;637;5.275418458904511;0.12574022897749704
"mihnout";678;5.614966585772776;662;5.482459999677843;0.976401179941003
"množit";803;6.6501742896394385;651;5.391361721737577;0.8107098381070984
"myslet";82118;680.0734898089805;685;5.6729382171893095;0.008341654692028544
"nalézat";1721;14.252739666836206;621;5.142911872809578;0.36083672283556073
"namáhat";890;7.370678851530635;607;5.026968609976512;0.6820224719101123
"nechávat";6550;54.2448836826131;694;5.747473171867709;0.10595419847328244
"nosit";10919;90.42746334816069;643;5.325108428690111;0.05888817657294624
"odtáhnout";2140;17.72275589019726;692;5.730909848605842;0.3233644859813084
"odvolávat";815;6.749554229210638;631;5.225728489118911;0.7742331288343558
"opít";749;6.20296456156904;577;4.778518761048513;0.7703604806408545
"otvírat";2245;18.592330361445253;687;5.689501540451176;0.3060133630289532
"ovládnout";3702;30.65871135771507;627;5.192601842595178;0.1693679092382496
"plnit";5900;48.86180362250646;598;4.952433655298112;0.10135593220338983
"podrobit";1588;13.151278669922078;613;5.076658579762111;0.38602015113350124
"pohupovat";831;6.882060815305571;661;5.47417833804691;0.7954271961492179
"pokládat";4773;39.52837096444463;584;4.836490392465046;0.12235491305258747
"poprat";734;6.07873963710504;687;5.689501540451176;0.9359673024523161
"poradit";6766;56.0337225948947;688;5.6977832020821095;0.10168489506355306
"pořádat";5043;41.76441960479662;568;4.703983806370113;0.11263137021614118
"potácet";590;4.886180362250646;572;4.737110452893846;0.9694915254237289
"potřebovat";41657;344.9891785597884;599;4.960715316929045;0.014379336005953381
"použít";18533;153.48403500608683;604;5.002123625083712;0.032590514217881617
"povalovat";645;5.341671751951977;611;5.0600952565002455;0.9472868217054263
"povídat";10937;90.57653325751748;602;4.985560301821845;0.05504251622931334
"prohánět";945;7.826170241231967;678;5.614966585772776;0.7174603174603175
"prolínat";753;6.236091208092773;616;5.101503564654911;0.8180610889774237
"promítnout";1191;9.863459002441559;691;5.722628186974909;0.5801847187237615
"propadat";1396;11.561199636782884;630;5.2174468274879775;0.4512893982808023
"předklonit";687;5.689501540451176;650;5.383080060106644;0.9461426491994177
"převléknout";808;6.691582597794105;609;5.043531933238379;0.7537128712871287
"připojovat";929;7.693663655137034;564;4.67085715984638;0.6071044133476857
"přistihnout";1623;13.441136827004742;555;4.59632220516798;0.3419593345656192
"přít";676;5.598403262510909;564;4.67085715984638;0.834319526627219
"přitisknout";2778;23.006456010732702;694;5.747473171867709;0.2498200143988481
"přizpůsobovat";1076;8.911067914884228;596;4.935870332036246;0.5539033457249071
"rozbrečet";721;5.971078035902908;643;5.325108428690111;0.8918169209431346
"rozcházet";663;5.4907416613087765;620;5.134630211178645;0.9351432880844646
"rozléhat";583;4.828208730834112;572;4.737110452893846;0.9811320754716981
"rozprostírat";629;5.209165165857044;569;4.712265468001046;0.904610492845787
"rozrůst";642;5.316826767059178;627;5.192601842595178;0.9766355140186916
"roztřást";698;5.780599818391442;565;4.679138821477314;0.8094555873925502
"sebrat";4714;39.03975292821957;657;5.441051691523177;0.13937208315655494
"sehnout";730;6.045612990581308;681;5.639811570665576;0.9328767123287671
"sevřít";3235;26.79117537606922;615;5.093221903023978;0.1901081916537867
"slušet";2519;20.86150564832098;590;4.886180362250646;0.23421992854307264
"soudit";4568;37.830630330103304;625;5.176038519333312;0.1368213660245184
"spekulovat";1393;11.536354651890084;596;4.935870332036246;0.4278535534816942
"splést";1458;12.074662657900749;685;5.6729382171893095;0.46982167352537724
"stačit";31108;257.62593001507304;580;4.803363745941313;0.018644721615018643
"stihnout";6165;51.05644395470378;586;4.8530537157269125;0.09505271695052717
"stočit";1122;9.29202434990716;578;4.7868004226794465;0.5151515151515151
"svléknout";1628;13.482545135159409;604;5.002123625083712;0.371007371007371
"tisknout";2859;23.6772706028383;694;5.747473171867709;0.2427422175585869
"topit";1259;10.426611993345022;690;5.714346525343975;0.5480540111199365
"toulat";725;6.004204682426641;688;5.6977832020821095;0.9489655172413793
"ubytovat";1194;9.888303987334359;609;5.043531933238379;0.5100502512562815
"ukládat";3041;25.18453301966816;672;5.565276615987177;0.22097994080894443
"umět";25984;215.1906958181708;628;5.200883504226111;0.024168719211822662
"uvažovat";10398;86.11271763844444;649;5.37479839847571;0.06241584920176957
"uvolňovat";1604;13.28378525601701;651;5.391361721737577;0.40586034912718205
"uzavírat";2613;21.639981841628707;557;4.612885528429847;0.2131649445082281
"uzdravit";994;8.231971661147698;679;5.623248247403709;0.6830985915492958
"vléci";1225;10.145035497893291;631;5.225728489118911;0.5151020408163265
"vlnit";659;5.457615014785043;593;4.911025347143446;0.8998482549317147
"vloupat";604;5.002123625083712;569;4.712265468001046;0.9420529801324503
"vymanit";790;6.542512688437306;587;4.861335377357846;0.7430379746835443
"vynořovat";687;5.689501540451176;651;5.391361721737577;0.9475982532751092
"vyplácet";1322;10.94835667609382;610;5.051813594869312;0.46142208774583965
"vyřešit";6511;53.921898879006704;696;5.7640364951295755;0.10689602211641837
"vysmívat";699;5.788881480022376;656;5.432770029892244;0.9384835479256081
"vytrácet";694;5.747473171867709;650;5.383080060106644;0.9365994236311239
"vzepřít";653;5.407925044999444;567;4.6957021447391805;0.8683001531393568
"zachránit";8534;70.67570035838476;607;5.026968609976512;0.07112725568314976
"zachtít";658;5.449333353154111;650;5.383080060106644;0.9878419452887538
"zachytit";5586;46.2613618703934;677;5.606684924141843;0.12119584675975653
"zakládat";2424;20.074747793382315;587;4.861335377357846;0.24216171617161716
"zakousnout";684;5.664656555558376;567;4.6957021447391805;0.8289473684210527
"zamýšlet";1421;11.768241177556217;606;5.018686948345579;0.42646023926812104
"zaplést";825;6.8323708455199705;567;4.6957021447391805;0.6872727272727273
"zapojovat";928;7.685381993506101;613;5.076658579762111;0.6605603448275862
"zašklebit";710;5.879979757962642;699;5.788881480022376;0.9845070422535211
"zbavovat";1201;9.94627561875089;673;5.57355827761811;0.5603663613655288
"zdráhat";616;5.101503564654911;556;4.6046038667989135;0.9025974025974026
"zmenšit";1227;10.161598821155156;658;5.449333353154111;0.5362673186634067
"zmenšovat";1084;8.977321207931695;700;5.797163141653309;0.6457564575645757
"zobrazit";2524;20.902913956475643;700;5.797163141653309;0.277337559429477
"zvětšit";1327;10.989764984248486;562;4.654293836584514;0.4235116804822909
"bojovat";10543;87.31355857492976;452;3.7433110571818506;0.0428720478042303
"brodit";500;4.140830815466649;449;3.718466072289051;0.898
"cpát";1035;8.571519788015964;475;3.9337892746933165;0.45893719806763283
"číst";18775;155.48819712077267;495;4.099422507311982;0.02636484687083888
"dodávat";11486;95.12316549289986;471;3.9006626281695835;0.04100644262580533
"donést";2207;18.27762721946979;515;4.265055739930649;0.23334843679202538
"doplňovat";4182;34.63390894056305;531;4.397562326025581;0.12697274031563846
"dusit";1633;13.523953443314076;514;4.256774078299715;0.31475811390079605
"hájit";2106;17.441179394745525;518;4.289900724823449;0.2459639126305793
"hodnotit";5968;49.424956613409925;449;3.718466072289051;0.07523458445040214
"hrabat";958;7.9338318424341;510;4.223647431775982;0.5323590814196242
"chránit";7916;65.55763347046799;484;4.008324229371716;0.06114199090449722
"chytat";2296;19.014695104622852;473;3.91722595143145;0.20601045296167247
"chytnout";2104;17.42461607148366;515;4.265055739930649;0.24477186311787072
"kochat";506;4.190520785252249;480;3.9751975828479833;0.9486166007905138
"lámat";2089;17.30039114701966;494;4.091140845681049;0.23647678314983245
"míhat";515;4.265055739930649;494;4.091140845681049;0.9592233009708738
"nakazit";912;7.552875407411168;471;3.9006626281695835;0.5164473684210527
"natáčet";2213;18.32731718925539;506;4.190520785252249;0.22864889290555807
"natahovat";1332;11.031173292403153;469;3.884099304907717;0.3521021021021021
"nořit";607;5.026968609976512;521;4.314745709716249;0.8583196046128501
"oddělit";2632;21.797333412616442;553;4.5797588819061135;0.21010638297872342
"odtrhnout";1483;12.281704198674081;484;4.008324229371716;0.3263654753877276
"ohlásit";2213;18.32731718925539;482;3.9917609061098496;0.21780388612742882
"otřásat";725;6.004204682426641;454;3.7598743804437174;0.6262068965517241
"plánovat";6911;57.234563531380026;466;3.8592543200149168;0.06742873679641152
"plížit";534;4.4224073109183815;509;4.215365770145048;0.9531835205992509
"pobavit";1619;13.408010180481009;468;3.8758176432767835;0.2890673255095738
"podít";517;4.281619063192515;482;3.9917609061098496;0.9323017408123792
"pojit";944;7.817888579601034;517;4.281619063192515;0.5476694915254238
"položit";14070;116.52297914723151;501;4.1491124770975825;0.03560767590618337
"pomstít";845;6.998004078138637;552;4.571477220275181;0.6532544378698225
"posmívat";575;4.761955437786646;555;4.59632220516798;0.9652173913043478
"posouvat";1336;11.064299938926887;550;4.554913897013314;0.4116766467065868
"potulovat";506;4.190520785252249;489;4.049732537526383;0.9664031620553359
"probojovat";507;4.198802446883182;454;3.7598743804437174;0.8954635108481263
"prodlužovat";1161;9.61500915351356;474;3.925507613062383;0.4082687338501292
"prodrat";501;4.1491124770975825;447;3.7019027490271843;0.8922155688622755
"proplétat";597;4.944151993667179;499;4.132549153835716;0.8358458961474037
"provést";12850;106.41935195749288;447;3.7019027490271843;0.03478599221789883
"předvést";4885;40.45591706710916;526;4.356154017870915;0.10767656090071648
"překrývat";772;6.393442779080506;445;3.6853394257653176;0.5764248704663213
"přiklánět";492;4.074577522419182;480;3.9751975828479833;0.975609756097561
"přiklonit";499;4.132549153835716;482;3.9917609061098496;0.9659318637274549
"přistěhovat";468;3.8758176432767835;455;3.7681560420746507;0.9722222222222222
"radit";3831;31.727045708105464;528;4.372717341132781;0.13782302270947533
"rozbít";2503;20.728999062226045;501;4.1491124770975825;0.20015980823012386
"rozbušit";510;4.223647431775982;476;3.94207093632425;0.9333333333333333
"rozjíždět";708;5.863416434700775;456;3.776437703705584;0.6440677966101694
"rozletět";541;4.480378942334914;516;4.273337401561582;0.9537892791127541
"rozlévat";576;4.77023709941758;450;3.7267477339199844;0.78125
"rozlít";670;5.54871329272531;463;3.834409335122117;0.691044776119403
"rozpustit";1533;12.695787280220745;473;3.91722595143145;0.3085453359425962
"rozrůstat";491;4.06629586078825;456;3.776437703705584;0.9287169042769857
"rvát";1121;9.283742688276227;473;3.91722595143145;0.42194469223907227
"sblížit";622;5.1511935344405115;452;3.7433110571818506;0.7266881028938906
"setmít";477;3.9503525979551832;476;3.94207093632425;0.9979035639412998
"seznamovat";914;7.569438730673035;479;3.96691592121705;0.524070021881838
"schoulit";488;4.04145087589545;445;3.6853394257653176;0.9118852459016393
"sjet";1948;16.132676857058065;460;3.809564350229317;0.23613963039014374
"slavit";4548;37.66499709748464;477;3.9503525979551832;0.10488126649076517
"slyšet";34792;288.1355714634313;497;4.115985830573849;0.014284893078868705
"spřátelit";575;4.761955437786646;526;4.356154017870915;0.9147826086956522
"strhnout";2853;23.6275806330527;484;4.008324229371716;0.169645986680687
"sunout";640;5.300263443797311;547;4.530068912120514;0.8546875
"svalit";662;5.482459999677843;536;4.438970634180248;0.8096676737160121
"svíjet";514;4.256774078299715;454;3.7598743804437174;0.8832684824902723
"šetřit";4258;35.26331522451398;480;3.9751975828479833;0.11272898074213246
"tázat";616;5.101503564654911;525;4.347872356239981;0.8522727272727273
"těžit";2105;17.432897733114594;522;4.323027371347181;0.24798099762470308
"tvrdit";20445;169.31857204443128;486;4.024887552633583;0.023771093176815847
"uchylovat";506;4.190520785252249;495;4.099422507311982;0.9782608695652174
"usazovat";632;5.234010150749844;528;4.372717341132781;0.8354430379746836
"utrhnout";1125;9.31686933479996;485;4.01660589100265;0.4311111111111111
"uvelebit";542;4.488660603965847;513;4.248492416668782;0.9464944649446494
"vdávat";554;4.588040543537047;471;3.9006626281695835;0.8501805054151624
"věřit";29040;240.49945376230298;455;3.7681560420746507;0.015668044077134985
"vinout";503;4.165675800359449;451;3.7350293955509173;0.8966202783300199
"vydařit";502;4.157394138728516;492;4.074577522419182;0.9800796812749004
"vyděsit";2003;16.588168246759395;509;4.215365770145048;0.25411882176734896
"vyklubat";522;4.323027371347181;510;4.223647431775982;0.9770114942528736
"vymknout";525;4.347872356239981;459;3.8012826885983837;0.8742857142857143
"vymlouvat";584;4.836490392465046;484;4.008324229371716;0.8287671232876712
"vypařit";559;4.629448851691714;517;4.281619063192515;0.924865831842576
"vyslovit";4282;35.46207510365638;506;4.190520785252249;0.11816907986921998
"vystřídat";2944;24.38121184146763;539;4.463815619073047;0.18308423913043478
"vznést";1095;9.068419485871962;533;4.414125649287448;0.4867579908675799
"vžít";516;4.273337401561582;465;3.850972658383984;0.9011627906976745
"zabydlet";556;4.6046038667989135;461;3.8178460118602504;0.829136690647482
"zaseknout";588;4.869617038988779;493;4.082859184050116;0.8384353741496599
"zatočit";1054;8.728871359003696;457;3.7847193653365174;0.4335863377609108
"zavírat";2234;18.501232083504988;491;4.06629586078825;0.2197851387645479
"zazubit";497;4.115985830573849;493;4.082859184050116;0.9919517102615694
"zdařit";474;3.925507613062383;465;3.850972658383984;0.9810126582278481
"zklidnit";967;8.0083667971125;520;4.306464048085315;0.5377456049638056
"zmítat";840;6.95659576998397;492;4.074577522419182;0.5857142857142857
"zmocňovat";612;5.068376918131179;552;4.571477220275181;0.9019607843137255
"zobrazovat";1896;15.702030452249533;462;3.8261276734911838;0.24367088607594936
"zpívat";7994;66.20360307768078;455;3.7681560420746507;0.05691768826619965
"zračit";548;4.538350573751448;536;4.438970634180248;0.9781021897810219
"bít";2331;19.304553261705518;416;3.445171238468252;0.17846417846417847
"blýsknout";569;4.712265468001046;366;3.0310881569215873;0.6432337434094904
"bouřit";516;4.273337401561582;405;3.3540729605279855;0.7848837209302325
"budovat";3075;25.466109515119893;365;3.022806495290654;0.11869918699186992
"činit";9613;79.6116132581618;367;3.03936981855252;0.03817746801206699
"distancovat";404;3.3457912988970526;371;3.0724964650762536;0.9183168316831684
"domlouvat";862;7.138792325864503;372;3.080778126707187;0.43155452436194897
"dovídat";380;3.1470314197546534;376;3.11390477323092;0.9894736842105263
"formovat";1132;9.374840966216494;396;3.279538005849586;0.3498233215547703
"hodlat";6806;56.364989060132025;367;3.03936981855252;0.05392300910960917
"chechtat";436;3.610804471086918;411;3.4037629303135857;0.9426605504587156
"choulit";419;3.470016223361052;404;3.3457912988970526;0.964200477326969
"chýlit";374;3.0973414499690537;367;3.03936981855252;0.9812834224598931
"jíst";9425;78.05466087154633;386;3.196721389540253;0.040954907161803715
"klepat";1310;10.848976736522621;425;3.519706193146652;0.3244274809160305
"kousnout";1090;9.027011177717295;430;3.561114501301318;0.3944954128440367
"krýt";1679;13.904909878337008;365;3.022806495290654;0.21739130434782608
"míchat";1438;11.909029425282082;368;3.0476514801834536;0.25591098748261476
"naštvat";1166;9.656417461668225;395;3.271256344218653;0.33876500857632935
"obejmout";4219;34.940330420907586;412;3.412044591944519;0.09765347238682152
"objímat";1659;13.739276645718341;385;3.1884397279093197;0.2320675105485232
"obořit";400;3.312664652373319;376;3.11390477323092;0.94
"oddávat";480;3.9751975828479833;419;3.470016223361052;0.8729166666666667
"odpoutat";611;5.0600952565002455;416;3.445171238468252;0.6808510638297872
"ohánět";447;3.7019027490271843;393;3.254693020956786;0.8791946308724832
"ochladit";654;5.416206706630377;405;3.3540729605279855;0.6192660550458715
"osprchovat";482;3.9917609061098496;402;3.329227975635186;0.8340248962655602
"pást";716;5.929669727748242;405;3.3540729605279855;0.5656424581005587
"pít";8734;72.33203268457143;434;3.5942411478250516;0.049690863292878404
"plavit";425;3.519706193146652;387;3.2050030511711864;0.9105882352941177
"poddat";438;3.6273677943487845;388;3.21328471280212;0.8858447488584474
"podivovat";387;3.2050030511711864;378;3.1304680964927867;0.9767441860465116
"podřídit";1164;9.63985413840636;431;3.5693961629322515;0.3702749140893471
"pomodlit";422;3.4948612082538517;389;3.221566374433053;0.9218009478672986
"potápět";469;3.884099304907717;376;3.11390477323092;0.8017057569296375
"potopit";747;6.186401238307174;394;3.2629746825877195;0.5274431057563588
"prodloužit";2398;19.859424590978048;371;3.0724964650762536;0.15471226021684736
"projet";3690;30.55933141814387;376;3.11390477323092;0.1018970189701897
"provinit";396;3.279538005849586;378;3.1304680964927867;0.9545454545454546
"přátelit";432;3.577677824563185;414;3.4286079152063853;0.9583333333333334
"představovat";25808;213.73312337112657;400;3.312664652373319;0.015499070055796652
"předvádět";2718;22.509556312876704;445;3.6853394257653176;0.1637233259749816
"přehnat";997;8.256816646040498;377;3.1221864348618533;0.3781344032096289
"přeměnit";1068;8.844814621836763;377;3.1221864348618533;0.3529962546816479
"převrátit";875;7.246453927066636;442;3.660494440872518;0.5051428571428571
"přezdívat";793;6.567357673330106;382;3.16359474301652;0.4817150063051702
"přikrčit";418;3.4617345617301187;383;3.171876404647453;0.916267942583732
"přinutit";2436;20.174127732953515;415;3.4368895768373187;0.17036124794745483
"rozčílit";816;6.757835890841571;404;3.3457912988970526;0.4950980392156863
"rozeznít";603;4.993841963452779;426;3.527987854777585;0.7064676616915423
"rozhořet";453;3.751592718812784;436;3.610804471086918;0.9624724061810155
"rozpouštět";709;5.871698096331708;438;3.6273677943487845;0.6177715091678421
"řinout";411;3.4037629303135857;387;3.2050030511711864;0.9416058394160584
"seběhnout";880;7.2878622352213025;386;3.196721389540253;0.43863636363636366
"sesypat";407;3.3706362837898522;368;3.0476514801834536;0.9041769041769042
"shromažďovat";1076;8.911067914884228;379;3.13874975812372;0.35223048327137546
"schylovat";401;3.3209463140042526;397;3.2878196674805196;0.9900249376558603
"srovnat";4138;34.269515828801985;411;3.4037629303135857;0.09932334461092315
"stáčet";586;4.8530537157269125;394;3.2629746825877195;0.6723549488054608
"stmívat";482;3.9917609061098496;427;3.5362695164085185;0.8858921161825726
"strachovat";439;3.635649455979718;419;3.470016223361052;0.9544419134396356
"sypat";1019;8.43901320192103;378;3.1304680964927867;0.37095191364082436
"šklebit";431;3.5693961629322515;411;3.4037629303135857;0.9535962877030162
"tísnit";481;3.983479244478916;385;3.1884397279093197;0.8004158004158004
"tradovat";441;3.6522127792415846;422;3.4948612082538517;0.9569160997732427
"uchechtnout";380;3.1470314197546534;376;3.11390477323092;0.9894736842105263
"uchytit";564;4.67085715984638;405;3.3540729605279855;0.7180851063829787
"ukrýt";1672;13.846938246920475;433;3.585959486194118;0.2589712918660287
"uložit";7116;58.93230416572135;424;3.5114245315157184;0.059584035975267007
"umýt";1735;14.368682929669273;418;3.4617345617301187;0.24092219020172911
"urazit";2140;17.72275589019726;374;3.0973414499690537;0.17476635514018693
"uskutečňovat";862;7.138792325864503;441;3.6522127792415846;0.511600928074246
"ustálit";476;3.94207093632425;405;3.3540729605279855;0.8508403361344538
"uživit";907;7.511467099256501;368;3.0476514801834536;0.40573318632855565
"volit";6092;50.451882655645655;372;3.080778126707187;0.06106369008535785
"vybavovat";1767;14.633696101859138;423;3.503142869884785;0.23938879456706283
"vyhoupnout";429;3.5528328396703848;413;3.420326253575452;0.9627039627039627
"vyjímat";874;7.238172265435702;414;3.4286079152063853;0.47368421052631576
"vykoupat";593;4.911025347143446;394;3.2629746825877195;0.6644182124789207
"vyplnit";2583;21.39153199270071;388;3.21328471280212;0.15021293070073558
"vypracovat";2464;20.406014258619646;382;3.16359474301652;0.15503246753246752
"vyprávět";14005;115.98467114122084;421;3.4865795466229184;0.03006069260978222
"vysmát";468;3.8758176432767835;441;3.6522127792415846;0.9423076923076923
"vystavovat";2072;17.159602899293795;385;3.1884397279093197;0.1858108108108108
"vysvětlovat";14236;117.89773497796644;410;3.3954812686826523;0.028800224782242204
"vzdělávat";779;6.45141441049704;415;3.4368895768373187;0.5327342747111682
"vzchopit";416;3.445171238468252;378;3.1304680964927867;0.9086538461538461
"vzpírat";461;3.8178460118602504;415;3.4368895768373187;0.9002169197396963
"vztekat";416;3.445171238468252;387;3.2050030511711864;0.9302884615384616
"zahřát";1228;10.16988048278609;440;3.6439311176106512;0.3583061889250814
"zalesknout";384;3.1801580662783864;378;3.1304680964927867;0.984375
"zaobírat";429;3.5528328396703848;392;3.246411359325853;0.9137529137529138
"zapomínat";3615;29.938206795823874;398;3.2961013291114525;0.11009681881051175
"zastat";661;5.47417833804691;428;3.5445511780394514;0.6475037821482602
"zastavět";768;6.360316132556773;381;3.1553130813855867;0.49609375
"zdvojnásobit";736;6.095302960366907;365;3.022806495290654;0.49592391304347827
"zjevovat";468;3.8758176432767835;391;3.2381296976949194;0.8354700854700855
"zorientovat";501;4.1491124770975825;396;3.279538005849586;0.7904191616766467
"ztotožnit";591;4.894462023881579;397;3.2878196674805196;0.6717428087986463
"ženit";477;3.9503525979551832;410;3.3954812686826523;0.859538784067086
"aplikovat";2423;20.06646613175138;355;2.939989878981321;0.14651258770119685
"běžet";10402;86.14584428496816;322;2.666695045160522;0.03095558546433378
"blýskat";482;3.9917609061098496;355;2.939989878981321;0.7365145228215768
"budit";2525;20.91119561810658;345;2.8571732626719877;0.13663366336633664
"datovat";833;6.898624138567437;348;2.8820182475647877;0.4177671068427371
"dobrat";402;3.329227975635186;346;2.865454924302921;0.8606965174129353
"dopracovat";495;4.099422507311982;360;2.981398187135987;0.7272727272727273
"dosáhnout";17774;147.19825382820844;343;2.8406099394101214;0.019297850793293575
"dostavovat";352;2.9151448940885207;325;2.691540030053322;0.9232954545454546
"dovolat";492;4.074577522419182;360;2.981398187135987;0.7317073170731707
"dýchat";4773;39.52837096444463;324;2.6832583684223885;0.0678818353236958
"chápat";19128;158.41162367649213;353;2.923426555719454;0.018454621497281474
"informovat";7429;61.52446425620347;342;2.832328277779188;0.04603580562659847
"jmout";496;4.107704168942916;364;3.0145248336597206;0.7338709677419355
"koncentrovat";590;4.886180362250646;363;3.006243172028787;0.6152542372881356
"kouřit";3730;30.8905978833812;362;2.997961510397854;0.09705093833780161
"krást";2205;18.261063896207922;342;2.832328277779188;0.15510204081632653
"kutálet";425;3.519706193146652;345;2.8571732626719877;0.8117647058823529
"kymácet";346;2.865454924302921;317;2.6252867370058555;0.9161849710982659
"mazlit";382;3.16359474301652;354;2.9317082173503874;0.9267015706806283
"nadát";334;2.7660749847317216;321;2.658413383529589;0.9610778443113772
"oběsit";550;4.554913897013314;328;2.716385014946122;0.5963636363636363
"obětovat";1882;15.586087189416467;338;2.7992016312554546;0.179596174282678
"obléci";1929;15.975325286070332;334;2.7660749847317216;0.1731467081389321
"odstranit";5885;48.73757869804246;341;2.8240466161482547;0.05794392523364486
"ohřát";808;6.691582597794105;316;2.617005075374922;0.3910891089108911
"opravit";3507;29.043787339683078;332;2.749511661469855;0.09466780724265754
"opravovat";1702;14.095388095848474;313;2.5921600904821225;0.18390129259694477
"optat";322;2.666695045160522;316;2.617005075374922;0.9813664596273292
"osvobodit";1735;14.368682929669273;364;3.0145248336597206;0.20979827089337175
"otřít";2018;16.712393171223397;313;2.5921600904821225;0.15510406342913777
"pokazit";1212;10.037373896691157;318;2.633568398636789;0.2623762376237624
"polekat";548;4.538350573751448;350;2.8985815708266545;0.6386861313868614
"poohlédnout";357;2.9565532022431875;333;2.7577933231007883;0.9327731092436975
"potloukat";361;2.9896798487669205;343;2.8406099394101214;0.9501385041551247
"pozdravit";2476;20.505394198190846;329;2.7246666765770553;0.132875605815832
"prohlubovat";713;5.904824742855442;312;2.583878428851189;0.4375876577840112
"protahovat";769;6.368597794187706;356;2.948271540612254;0.46293888166449937
"předhánět";366;3.0310881569215873;339;2.807483292886388;0.9262295081967213
"přemístit";1027;8.505266494968497;339;2.807483292886388;0.33008763388510226
"převalit";386;3.196721389540253;319;2.641850060267722;0.8264248704663213
"převalovat";473;3.91722595143145;343;2.8406099394101214;0.7251585623678647
"příčit";324;2.6832583684223885;314;2.6004417521130554;0.9691358024691358
"přihnat";379;3.13874975812372;340;2.8157649545173213;0.8970976253298153
"přiznávat";3549;29.391617128182276;312;2.583878428851189;0.08791208791208792
"rozbíhat";405;3.3540729605279855;364;3.0145248336597206;0.8987654320987655
"rozdělovat";1591;13.176123654814877;337;2.7909199696245213;0.2118164676304211
"rozeběhnout";379;3.13874975812372;363;3.006243172028787;0.9577836411609498
"rozevřít";889;7.362397189899702;312;2.583878428851189;0.35095613048368957
"rozlétnout";341;2.8240466161482547;336;2.7826383079935884;0.9853372434017595
"rozmnožovat";490;4.058014199157316;333;2.7577933231007883;0.6795918367346939
"rozpínat";418;3.4617345617301187;334;2.7660749847317216;0.7990430622009569
"rozpomenout";433;3.585959486194118;332;2.749511661469855;0.766743648960739
"rozpovídat";380;3.1470314197546534;359;2.9731165255050542;0.9447368421052632
"rozptýlit";1082;8.960757884669828;340;2.8157649545173213;0.3142329020332717
"rozvádět";674;5.5818399392490425;347;2.8737365859338544;0.5148367952522255
"rušit";3114;25.789094318726292;341;2.8240466161482547;0.10950545921644188
"sbíhat";492;4.074577522419182;362;2.997961510397854;0.7357723577235772
"sbírat";4130;34.20326253575452;340;2.8157649545173213;0.08232445520581114
"shánět";2075;17.184447884186593;343;2.8406099394101214;0.1653012048192771
"skrýt";2030;16.811773110794594;328;2.716385014946122;0.16157635467980297
"skvět";321;2.658413383529589;312;2.583878428851189;0.9719626168224299
"složit";4459;36.92792921233158;364;3.0145248336597206;0.08163265306122448
"spát";14688;121.64104603514828;357;2.9565532022431875;0.024305555555555556
"stupňovat";532;4.405843987656515;352;2.9151448940885207;0.6616541353383458
"svítit";4315;35.73536993747718;349;2.890299909195721;0.08088064889918888
"svlékat";709;5.871698096331708;324;2.6832583684223885;0.45698166431593795
"ujišťovat";1672;13.846938246920475;325;2.691540030053322;0.194377990430622
"upínat";469;3.884099304907717;359;2.9731165255050542;0.7654584221748401
"usídlit";375;3.1056231115999866;350;2.8985815708266545;0.9333333333333333
"uvést";31577;261.51002931998073;332;2.749511661469855;0.010513981695537892
"vézt";2188;18.120275648482057;337;2.7909199696245213;0.1540219378427788
"vmísit";369;3.055933141814387;350;2.8985815708266545;0.948509485094851
"vyhrabat";745;6.169837915045307;317;2.6252867370058555;0.425503355704698
"vyklonit";344;2.8488916010410548;313;2.5921600904821225;0.9098837209302325
"vylučovat";1923;15.925635316284732;362;2.997961510397854;0.18824752990119606
"vyřítit";356;2.948271540612254;351;2.906863232457588;0.9859550561797753
"vytáhnout";12103;100.23295071918571;339;2.807483292886388;0.028009584400561845
"vytahovat";1957;16.207211811736464;334;2.7660749847317216;0.17066939192641797
"vytrhnout";2180;18.05402235543459;350;2.8985815708266545;0.16055045871559634
"vyučit";418;3.4617345617301187;329;2.7246666765770553;0.7870813397129187
"vyvalit";523;4.3313090329781145;327;2.7081033533151886;0.6252390057361377
"vztyčit";855;7.0808206944479695;363;3.006243172028787;0.4245614035087719
"zabořit";979;8.1077467366837;320;2.6501317218986555;0.3268641470888662
"začervenat";335;2.774356646362655;329;2.7246666765770553;0.982089552238806
"zacházet";2439;20.198972717846313;355;2.939989878981321;0.14555145551455514
"zamotat";580;4.803363745941313;363;3.006243172028787;0.6258620689655172
"zaposlouchat";363;3.006243172028787;344;2.8488916010410548;0.9476584022038568
"zaradovat";324;2.6832583684223885;321;2.658413383529589;0.9907407407407407
"zavrtět";5528;45.78102549579927;311;2.5755967672202558;0.05625904486251809
"zhoupnout";386;3.196721389540253;345;2.8571732626719877;0.8937823834196891
"získávat";5001;41.416589816297424;360;2.981398187135987;0.07198560287942411
"zkoušet";6059;50.178587821824856;314;2.6004417521130554;0.05182373328932167
"zlíbit";357;2.9565532022431875;356;2.948271540612254;0.9971988795518207
"zotavit";364;3.0145248336597206;335;2.774356646362655;0.9203296703296703
"zpomalit";2043;16.91943471199673;317;2.6252867370058555;0.15516397454723446
"zrychlit";1354;11.213369848283685;320;2.6501317218986555;0.2363367799113737
"ztotožňovat";527;4.364435679501848;331;2.7412299998389216;0.6280834914611005
"zúčastňovat";353;2.923426555719454;340;2.8157649545173213;0.9631728045325779
"zvrtnout";370;3.0642148034453203;336;2.7826383079935884;0.9081081081081082
"aktivovat";1274;10.550836917809022;306;2.5341884590655894;0.2401883830455259
"červenat";393;3.254693020956786;311;2.5755967672202558;0.7913486005089059
"dožívat";394;3.2629746825877195;301;2.4927801509109226;0.7639593908629442
"hnusit";291;2.40996353460159;265;2.194640332197324;0.9106529209621993
"kamarádit";500;4.140830815466649;307;2.5424701206965223;0.614
"klanět";323;2.674976706791455;300;2.4844984892799893;0.9287925696594427
"kolébat";428;3.5445511780394514;265;2.194640332197324;0.6191588785046729
"kombinovat";2269;18.791090240587653;284;2.3519919031850565;0.125165271044513
"křížit";418;3.4617345617301187;274;2.269175286875724;0.6555023923444976
"míjet";2155;17.846980814661258;284;2.3519919031850565;0.13178654292343386
"minout";2687;22.25282480231777;284;2.3519919031850565;0.10569408262002233
"mrknout";1910;15.8179737150826;269;2.227766978721057;0.14083769633507853
"mstít";336;2.7826383079935884;306;2.5341884590655894;0.9107142857142857
"mýt";1083;8.969039546300762;269;2.227766978721057;0.24838411819021236
"nahrnout";362;2.997961510397854;284;2.3519919031850565;0.7845303867403315
"napnout";648;5.366516736844777;287;2.3768368880778565;0.44290123456790126
"navrátit";612;5.068376918131179;281;2.327146918292257;0.4591503267973856
"nedostávat";306;2.5341884590655894;305;2.525906797434656;0.9967320261437909
"nutit";6399;52.994352776342176;308;2.5507517823274557;0.04813252070636037
"obnovit";2731;22.617217914078836;302;2.501061812541856;0.11058220432076163
"oddat";525;4.347872356239981;294;2.4348085194943896;0.56
"odlepit";415;3.4368895768373187;277;2.2940202717685234;0.6674698795180722
"opozdit";330;2.732948338207988;293;2.4265268578634562;0.8878787878787879
"patřit";44727;370.4138797667536;283;2.3437102415541236;0.006327274353298902
"péci";2050;16.97740634341326;286;2.368555226446923;0.13951219512195123
"podepisovat";990;8.198845014623965;291;2.40996353460159;0.29393939393939394
"podřizovat";401;3.3209463140042526;267;2.2112036554591907;0.6658354114713217
"podvolit";324;2.6832583684223885;299;2.476216827649056;0.9228395061728395
"porozhlédnout";316;2.617005075374922;293;2.4265268578634562;0.9272151898734177
"postupovat";5096;42.20334767123609;270;2.2360486403519904;0.052982731554160126
"posunovat";614;5.084940241393045;276;2.2857386101375905;0.4495114006514658
"poškrábat";470;3.89238096653865;272;2.252611963613857;0.5787234042553191
"prohloubit";761;6.30234450114024;276;2.2857386101375905;0.36268068331143233
"prohýbat";346;2.865454924302921;301;2.4927801509109226;0.869942196531792
"propojit";2375;19.668946373466582;290;2.4016818729706566;0.12210526315789473
"předávat";2326;19.263144953550853;284;2.3519919031850565;0.12209802235597593
"přehoupnout";333;2.7577933231007883;309;2.559033443958389;0.9279279279279279
"přehrabovat";338;2.7992016312554546;295;2.443090181125323;0.8727810650887574
"přetahovat";412;3.412044591944519;270;2.2360486403519904;0.6553398058252428
"přetrhnout";515;4.265055739930649;292;2.418245196232523;0.566990291262136
"přidržovat";853;7.064257371186104;280;2.3188652566613235;0.32825322391559203
"přilepit";981;8.124310059945566;302;2.501061812541856;0.30784913353720694
"připlést";281;2.327146918292257;266;2.2029219938282574;0.9466192170818505
"připomínat";13364;110.67612603579259;309;2.559033443958389;0.02312181981442682
"rozkřiknout";303;2.5093434741727894;299;2.476216827649056;0.9867986798679867
"rozlišovat";2485;20.579929152869244;300;2.4844984892799893;0.12072434607645875
"rozložit";2019;16.72067483285433;273;2.2608936252447904;0.1352154531946508
"rozpoutat";821;6.799244198996238;306;2.5341884590655894;0.37271619975639464
"roztrhnout";804;6.658455951270372;279;2.31058359503039;0.34701492537313433
"roztříštit";485;4.01660589100265;291;2.40996353460159;0.6
"rozzlobit";535;4.430688972549315;269;2.227766978721057;0.502803738317757
"sjíždět";867;7.18020063401917;282;2.33542857992319;0.32525951557093424
"sledovat";23428;194.0227686895053;284;2.3519919031850565;0.012122246884070343
"spálit";1840;15.238257400917268;305;2.525906797434656;0.16576086956521738
"spouštět";1661;13.755839968980208;268;2.219485317090124;0.1613485851896448
"srážet";756;6.260936192985573;305;2.525906797434656;0.40343915343915343
"srovnávat";1890;15.652340482463934;298;2.467935166018123;0.15767195767195769
"stanovit";6966;57.690054921081355;292;2.418245196232523;0.04191788687912719
"střetávat";298;2.467935166018123;291;2.40996353460159;0.9765100671140939
"střílet";3360;27.82638307993588;297;2.4596535043871897;0.08839285714285715
"svírat";2911;24.10791700764683;298;2.467935166018123;0.10237031947784267
"škrábat";786;6.509386041913572;264;2.1863586705663907;0.33587786259541985
"šourat";284;2.3519919031850565;274;2.269175286875724;0.9647887323943662
"udávat";1812;15.006370875251136;305;2.525906797434656;0.1683222958057395
"udusit";547;4.530068912120514;289;2.3934002113397232;0.5283363802559415
"upravit";5041;41.74785628153476;271;2.2443303019829237;0.053759174766911326
"upravovat";2686;22.24454314068684;276;2.2857386101375905;0.10275502606105734
"utápět";328;2.716385014946122;271;2.2443303019829237;0.8262195121951219
"utvářet";1055;8.73715302063463;310;2.5673151055893224;0.2938388625592417
"vkládat";1650;13.664741691039941;279;2.31058359503039;0.1690909090909091
"vozit";2094;17.341799455174325;287;2.3768368880778565;0.13705826170009552
"vybírat";7140;59.13106404486375;307;2.5424701206965223;0.04299719887955182
"vyčerpat";1478;12.240295890519414;298;2.467935166018123;0.20162381596752368
"vycházet";14619;121.06961138261389;291;2.40996353460159;0.019905602298378823
"vyjasnit";646;5.34995341358291;271;2.2443303019829237;0.4195046439628483
"vymezovat";1100;9.109827794026629;288;2.38511854970879;0.26181818181818184
"vypínat";742;6.144992930152507;285;2.36027356481599;0.38409703504043125
"vypnout";2970;24.596535043871896;279;2.31058359503039;0.09393939393939393
"vysílat";2620;21.697953473045242;301;2.4927801509109226;0.1148854961832061
"vysvětlit";15907;131.73639156325598;285;2.36027356481599;0.017916640472747845
"vyškrábat";411;3.4037629303135857;295;2.443090181125323;0.7177615571776156
"vyžadovat";10448;86.5268007199911;303;2.5093434741727894;0.029000765696784073
"zabránit";6111;50.60923422663338;305;2.525906797434656;0.049909998363606614
"zadrhnout";323;2.674976706791455;280;2.3188652566613235;0.8668730650154799
"zaleknout";298;2.467935166018123;287;2.3768368880778565;0.9630872483221476
"zaplnit";1840;15.238257400917268;290;2.4016818729706566;0.15760869565217392
"zasadit";1771;14.66682274838287;268;2.219485317090124;0.1513269339356296
"zastydět";315;2.6087234137439888;307;2.5424701206965223;0.9746031746031746
"zatáhnout";1894;15.685467128987666;269;2.227766978721057;0.1420274551214361
"zavazovat";759;6.285781177878373;289;2.3934002113397232;0.380764163372859
"zhostit";319;2.641850060267722;304;2.5176251358037227;0.9529780564263323
"zkrátit";1552;12.85313885120848;288;2.38511854970879;0.18556701030927836
"zkusit";11211;92.8457085443932;303;2.5093434741727894;0.02702702702702703
"zmýlit";345;2.8571732626719877;304;2.5176251358037227;0.881159420289855
"zotavovat";285;2.36027356481599;279;2.31058359503039;0.9789473684210527
"zpracovávat";2092;17.325236131912458;303;2.5093434741727894;0.14483747609942638
"zrcadlit";517;4.281619063192515;276;2.2857386101375905;0.5338491295938105
"zřeknout";282;2.33542857992319;273;2.2608936252447904;0.9680851063829787
"zříci";293;2.4265268578634562;264;2.1863586705663907;0.9010238907849829
